Dates,Event
1/11/20,Buffer
1/12/20,Buffer
1/13/20,Buffer
1/14/20,CPI and Core CPI Inflation Data
1/15/20,Buffer
1/16/20,Buffer
1/17/20,Buffer
1/25/20,Buffer
1/26/20,Buffer
1/27/20,Buffer
1/28/20,FOMC Meeting
1/29/20,FOMC Meeting
1/30/20,Buffer
1/31/20,Buffer
2/1/20,Buffer
2/10/20,Buffer
2/11/20,Buffer
2/12/20,Buffer
2/13/20,CPI and Core CPI Inflation Data
2/14/20,Buffer
2/15/20,Buffer
2/16/20,Buffer
2/29/20,Buffer
3/1/20,Buffer
3/2/20,Buffer
3/3/20,FOMC Meeting
3/4/20,Buffer
3/5/20,Buffer
3/6/20,Buffer
3/8/20,Buffer
3/9/20,Buffer
3/10/20,Buffer
3/11/20,CPI and Core CPI Inflation Data
3/12/20,Buffer
3/13/20,Buffer
3/14/20,Buffer
3/15/20,FOMC Meeting
3/16/20,Buffer
3/17/20,Buffer
3/18/20,Buffer
4/7/20,Buffer
4/8/20,Buffer
4/9/20,Buffer
4/10/20,CPI and Core CPI Inflation Data
4/11/20,Buffer
4/12/20,Buffer
4/13/20,Buffer
4/25/20,Buffer
4/26/20,Buffer
4/27/20,Buffer
4/28/20,FOMC Meeting
4/29/20,FOMC Meeting
4/30/20,Buffer
5/1/20,Buffer
5/2/20,Buffer
5/9/20,Buffer
5/10/20,Buffer
5/11/20,Buffer
5/12/20,CPI and Core CPI Inflation Data
5/13/20,Buffer
5/14/20,Buffer
5/15/20,Buffer
6/6/20,Buffer
6/7/20,Buffer
6/8/20,Buffer
6/9/20,FOMC Meeting
6/10/20,FOMC Meeting
6/11/20,Buffer
6/12/20,Buffer
6/13/20,Buffer
7/11/20,Buffer
7/12/20,Buffer
7/13/20,Buffer
7/14/20,CPI and Core CPI Inflation Data
7/15/20,Buffer
7/16/20,Buffer
7/17/20,Buffer
7/25/20,Buffer
7/26/20,Buffer
7/27/20,Buffer
7/28/20,FOMC Meeting
7/29/20,FOMC Meeting
7/30/20,Buffer
7/31/20,Buffer
8/1/20,Buffer
8/9/20,Buffer
8/10/20,Buffer
8/11/20,Buffer
8/12/20,CPI and Core CPI Inflation Data
8/13/20,Buffer
8/14/20,Buffer
8/15/20,Buffer
8/24/20,Buffer
8/25/20,Buffer
8/26/20,Buffer
8/27/20,FOMC Meeting
8/28/20,Buffer
8/29/20,Buffer
8/30/20,Buffer
9/8/20,Buffer
9/9/20,Buffer
9/10/20,Buffer
9/11/20,CPI and Core CPI Inflation Data
9/12/20,Buffer
9/13/20,Buffer
9/14/20,Buffer
9/15/20,FOMC Meeting
9/16/20,FOMC Meeting
9/17/20,Buffer
9/18/20,Buffer
9/19/20,Buffer
10/10/20,Buffer
10/11/20,Buffer
10/12/20,Buffer
10/13/20,CPI and Core CPI Inflation Data
10/14/20,Buffer
10/15/20,Buffer
10/16/20,Buffer
11/1/20,Buffer
11/2/20,Buffer
11/3/20,Buffer
11/4/20,FOMC Meeting
11/5/20,FOMC Meeting
11/6/20,Buffer
11/7/20,Buffer
11/8/20,Buffer
11/9/20,Buffer
11/10/20,Buffer
11/11/20,Buffer
11/12/20,CPI and Core CPI Inflation Data
11/13/20,Buffer
11/14/20,Buffer
11/15/20,Buffer
12/7/20,Buffer
12/8/20,Buffer
12/9/20,Buffer
12/10/20,CPI and Core CPI Inflation Data
12/11/20,Buffer
12/12/20,Buffer
12/13/20,Buffer
12/14/20,Buffer
12/15/20,FOMC Meeting
12/16/20,FOMC Meeting
12/17/20,Buffer
12/18/20,Buffer
12/19/20,Buffer
1/10/21,Buffer
1/11/21,Buffer
1/12/21,Buffer
1/13/21,CPI and Core CPI Inflation Data
1/14/21,Buffer
1/15/21,Buffer
1/16/21,Buffer
2/7/21,Buffer
2/8/21,Buffer
2/9/21,Buffer
2/10/21,CPI and Core CPI Inflation Data
2/11/21,Buffer
2/12/21,Buffer
2/13/21,Buffer
3/7/21,Buffer
3/8/21,Buffer
3/9/21,Buffer
3/10/21,CPI and Core CPI Inflation Data
3/11/21,Buffer
3/12/21,Buffer
3/13/21,Buffer
4/10/21,Buffer
4/11/21,Buffer
4/12/21,Buffer
4/13/21,CPI and Core CPI Inflation Data
4/14/21,Buffer
4/15/21,Buffer
4/16/21,Buffer
5/9/21,Buffer
5/10/21,Buffer
5/11/21,Buffer
5/12/21,CPI and Core CPI Inflation Data
5/13/21,Buffer
5/14/21,Buffer
5/15/21,Buffer
6/7/21,Buffer
6/8/21,Buffer
6/9/21,Buffer
6/10/21,CPI and Core CPI Inflation Data
6/11/21,Buffer
6/12/21,Buffer
6/13/21,Buffer
7/10/21,Buffer
7/11/21,Buffer
7/12/21,Buffer
7/13/21,CPI and Core CPI Inflation Data
7/14/21,Buffer
7/15/21,Buffer
7/16/21,Buffer
8/8/21,Buffer
8/9/21,Buffer
8/10/21,Buffer
8/11/21,CPI and Core CPI Inflation Data
8/12/21,Buffer
8/13/21,Buffer
8/14/21,Buffer
9/11/21,Buffer
9/12/21,Buffer
9/13/21,Buffer
9/14/21,CPI and Core CPI Inflation Data
9/15/21,Buffer
9/16/21,Buffer
9/17/21,Buffer
10/10/21,Buffer
10/11/21,Buffer
10/12/21,Buffer
10/13/21,CPI and Core CPI Inflation Data
10/14/21,Buffer
10/15/21,Buffer
10/16/21,Buffer
11/7/21,Buffer
11/8/21,Buffer
11/9/21,Buffer
11/10/21,CPI and Core CPI Inflation Data
11/11/21,Buffer
11/12/21,Buffer
11/13/21,Buffer
12/7/21,Buffer
12/8/21,Buffer
12/9/21,Buffer
12/10/21,CPI and Core CPI Inflation Data
12/11/21,Buffer
12/12/21,Buffer
12/13/21,Buffer
1/9/22,Buffer
1/10/22,Buffer
1/11/22,Buffer
1/12/22,CPI and Core CPI Inflation Data
1/13/22,Buffer
1/14/22,Buffer
1/15/22,Buffer
2/7/22,Buffer
2/8/22,Buffer
2/9/22,Buffer
2/10/22,CPI and Core CPI Inflation Data
2/11/22,Buffer
2/12/22,Buffer
2/13/22,Buffer
3/7/22,Buffer
3/8/22,Buffer
3/9/22,Buffer
3/10/22,CPI and Core CPI Inflation Data
3/11/22,Buffer
3/12/22,Buffer
3/13/22,Buffer
4/9/22,Buffer
4/10/22,Buffer
4/11/22,Buffer
4/12/22,CPI and Core CPI Inflation Data
4/13/22,Buffer
4/14/22,Buffer
4/15/22,Buffer
5/8/22,Buffer
5/9/22,Buffer
5/10/22,Buffer
5/11/22,CPI and Core CPI Inflation Data
5/12/22,Buffer
5/13/22,Buffer
5/14/22,Buffer
6/7/22,Buffer
6/8/22,Buffer
6/9/22,Buffer
6/10/22,CPI and Core CPI Inflation Data
6/11/22,Buffer
6/12/22,Buffer
6/13/22,Buffer
7/10/22,Buffer
7/11/22,Buffer
7/12/22,Buffer
7/13/22,CPI and Core CPI Inflation Data
7/14/22,Buffer
7/15/22,Buffer
7/16/22,Buffer
8/7/22,Buffer
8/8/22,Buffer
8/9/22,Buffer
8/10/22,CPI and Core CPI Inflation Data
8/11/22,Buffer
8/12/22,Buffer
8/13/22,Buffer
9/10/22,Buffer
9/11/22,Buffer
9/12/22,Buffer
9/13/22,CPI and Core CPI Inflation Data
9/14/22,Buffer
9/15/22,Buffer
9/16/22,Buffer
10/10/22,Buffer
10/11/22,Buffer
10/12/22,Buffer
10/13/22,CPI and Core CPI Inflation Data
10/14/22,Buffer
10/15/22,Buffer
10/16/22,Buffer
11/7/22,Buffer
11/8/22,Buffer
11/9/22,Buffer
11/10/22,CPI and Core CPI Inflation Data
11/11/22,Buffer
11/12/22,Buffer
11/13/22,Buffer
12/10/22,Buffer
12/11/22,Buffer
12/12/22,Buffer
12/13/22,CPI and Core CPI Inflation Data
12/14/22,Buffer
12/15/22,Buffer
12/16/22,Buffer
1/23/21,Buffer
1/24/21,Buffer
1/25/21,Buffer
1/26/21,FOMC Meeting
1/27/21,FOMC Meeting
1/28/21,Buffer
1/29/21,Buffer
1/30/21,Buffer
3/13/21,Buffer
3/14/21,Buffer
3/15/21,Buffer
3/16/21,FOMC Meeting
3/17/21,FOMC Meeting
3/18/21,Buffer
3/19/21,Buffer
3/20/21,Buffer
4/24/21,Buffer
4/25/21,Buffer
4/26/21,Buffer
4/27/21,FOMC Meeting
4/28/21,FOMC Meeting
4/29/21,Buffer
4/30/21,Buffer
5/1/21,Buffer
6/12/21,Buffer
6/13/21,Buffer
6/14/21,Buffer
6/15/21,FOMC Meeting
6/16/21,FOMC Meeting
6/17/21,Buffer
6/18/21,Buffer
6/19/21,Buffer
7/24/21,Buffer
7/25/21,Buffer
7/26/21,Buffer
7/27/21,FOMC Meeting
7/28/21,FOMC Meeting
7/29/21,Buffer
7/30/21,Buffer
7/31/21,Buffer
9/18/21,Buffer
9/19/21,Buffer
9/20/21,Buffer
9/21/21,FOMC Meeting
9/22/21,FOMC Meeting
9/23/21,Buffer
9/24/21,Buffer
9/25/21,Buffer
10/30/21,Buffer
10/31/21,Buffer
11/1/21,Buffer
11/2/21,FOMC Meeting
11/3/21,FOMC Meeting
11/4/21,Buffer
11/5/21,Buffer
11/6/21,Buffer
12/11/21,Buffer
12/12/21,Buffer
12/13/21,Buffer
12/14/21,FOMC Meeting
12/15/21,FOMC Meeting
12/16/21,Buffer
12/17/21,Buffer
12/18/21,Buffer
1/22/22,Buffer
1/23/22,Buffer
1/24/22,Buffer
1/25/22,FOMC Meeting
1/26/22,FOMC Meeting
1/27/22,Buffer
1/28/22,Buffer
1/29/22,Buffer
3/12/22,Buffer
3/13/22,Buffer
3/14/22,Buffer
3/15/22,FOMC Meeting
3/16/22,FOMC Meeting
3/17/22,Buffer
3/18/22,Buffer
3/19/22,Buffer
4/30/22,Buffer
5/1/22,Buffer
5/2/22,Buffer
5/3/22,FOMC Meeting
5/4/22,FOMC Meeting
5/5/22,Buffer
5/6/22,Buffer
5/7/22,Buffer
6/11/22,Buffer
6/12/22,Buffer
6/13/22,Buffer
6/14/22,FOMC Meeting
6/15/22,FOMC Meeting
6/16/22,Buffer
6/17/22,Buffer
6/18/22,Buffer
7/23/22,Buffer
7/24/22,Buffer
7/25/22,Buffer
7/26/22,FOMC Meeting
7/27/22,FOMC Meeting
7/28/22,Buffer
7/29/22,Buffer
7/30/22,Buffer
9/17/22,Buffer
9/18/22,Buffer
9/19/22,Buffer
9/20/22,FOMC Meeting
9/21/22,FOMC Meeting
9/22/22,Buffer
9/23/22,Buffer
9/24/22,Buffer
10/29/22,Buffer
10/30/22,Buffer
10/31/22,Buffer
11/1/22,FOMC Meeting
11/2/22,FOMC Meeting
11/3/22,Buffer
11/4/22,Buffer
11/5/22,Buffer
12/10/22,Buffer
12/11/22,Buffer
12/12/22,Buffer
12/13/22,FOMC Meeting
12/14/22,FOMC Meeting
12/15/22,Buffer
12/16/22,Buffer
12/17/22,Buffer